,equipment,model,manufacturer,losses_total,abandoned,abandoned and destroyed,captured,captured and destroyed,damaged,damaged and abandoned,damaged and captured,damaged beyond economical repair,destroyed,sunk,lost_by
0,Tanks,M-55S,Slovenia,2,0.0,0.0,0.0,0.0,1.0,0.0,0.0,0.0,1.0,0.0,ukraine
1,Tanks,T-64A,the Soviet Union,2,0.0,0.0,1.0,0.0,0.0,0.0,0.0,0.0,1.0,0.0,ukraine
2,Tanks,T-64B,the Soviet Union,4,0.0,0.0,1.0,0.0,0.0,0.0,1.0,0.0,2.0,0.0,ukraine
3,Tanks,T-64BV,the Soviet Union,244,3.0,0.0,49.0,8.0,23.0,6.0,4.0,0.0,151.0,0.0,ukraine
4,Tanks,T-64BV Zr. 2017,Ukraine,82,3.0,0.0,28.0,0.0,5.0,1.0,0.0,0.0,45.0,0.0,ukraine
5,Tanks,T-64B1M,Ukraine,9,0.0,0.0,7.0,0.0,0.0,0.0,0.0,0.0,2.0,0.0,ukraine
6,Tanks,T-64BM 'Bulat',Ukraine,14,0.0,0.0,4.0,0.0,3.0,0.0,0.0,0.0,7.0,0.0,ukraine
7,Tanks,T-64BM2 'Bulat',Ukraine,5,0.0,0.0,0.0,0.0,1.0,0.0,0.0,0.0,4.0,0.0,ukraine
8,Tanks,Unknown T-64,Ukraine,2,0.0,0.0,0.0,0.0,0.0,0.0,0.0,0.0,2.0,0.0,ukraine
9,Tanks,T-72 'Ural',the Soviet Union,4,0.0,0.0,1.0,0.0,1.0,0.0,0.0,0.0,2.0,0.0,ukraine
10,Tanks,T-72M/M1(R),Poland,61,1.0,0.0,8.0,0.0,1.0,6.0,1.0,0.0,44.0,0.0,ukraine
11,Tanks,T-72EA,the Czech Republic,7,0.0,0.0,1.0,0.0,0.0,0.0,0.0,0.0,6.0,0.0,ukraine
12,Tanks,T-72AV,the Soviet Union,32,2.0,0.0,6.0,0.0,2.0,1.0,2.0,0.0,19.0,0.0,ukraine
13,Tanks,T-72B,the Soviet Union,41,0.0,0.0,6.0,0.0,2.0,0.0,1.0,0.0,32.0,0.0,ukraine
14,Tanks,T-72AMT,Ukraine,18,0.0,0.0,4.0,0.0,1.0,2.0,2.0,0.0,9.0,0.0,ukraine
15,Tanks,T-72AMT Zr.2022,Ukraine,2,0.0,0.0,0.0,0.0,0.0,1.0,0.0,0.0,1.0,0.0,ukraine
16,Tanks,PT-91 Twardy,Poland,2,0.0,0.0,0.0,0.0,0.0,0.0,0.0,0.0,2.0,0.0,ukraine
17,Tanks,Unknown T-72,Ukraine,16,0.0,0.0,0.0,0.0,1.0,0.0,0.0,0.0,15.0,0.0,ukraine
18,Tanks,T-80BV,the Soviet Union,54,1.0,0.0,9.0,0.0,3.0,1.0,6.0,0.0,34.0,0.0,ukraine
19,Tanks,Leopard 2A4,Germany,7,0.0,0.0,0.0,0.0,4.0,0.0,0.0,0.0,3.0,0.0,ukraine
20,Tanks,Leopard 2A6,Germany,9,0.0,0.0,0.0,0.0,3.0,3.0,0.0,0.0,3.0,0.0,ukraine
21,Tanks,Stridsvagn 122,Sweden,2,0.0,0.0,0.0,0.0,0.0,2.0,0.0,0.0,0.0,0.0,ukraine
22,Tanks,Challenger 2,the United Kingdom,1,0.0,0.0,0.0,0.0,0.0,0.0,0.0,0.0,1.0,0.0,ukraine
23,Tanks,Unknown tank,Ukraine,37,0.0,0.0,0.0,0.0,1.0,0.0,0.0,0.0,36.0,0.0,ukraine
24,Armoured Fighting Vehicles,AMX-10 RC(R),France,4,2.0,0.0,1.0,0.0,0.0,0.0,0.0,0.0,1.0,0.0,ukraine
25,Armoured Fighting Vehicles,BRM-1(K) reconnaissance vehicle,the Soviet Union,44,3.0,0.0,11.0,0.0,1.0,1.0,1.0,0.0,27.0,0.0,ukraine
26,Armoured Fighting Vehicles,BRDM-2,the Soviet Union,64,0.0,0.0,27.0,0.0,0.0,0.0,0.0,0.0,37.0,0.0,ukraine
27,Armoured Fighting Vehicles,BRDM-2L1,Ukraine,47,0.0,0.0,17.0,0.0,1.0,0.0,0.0,0.0,29.0,0.0,ukraine
28,Armoured Fighting Vehicles,BRDM-2RKhb chemical reconnaissance vehicle,the Soviet Union,11,0.0,0.0,2.0,0.0,0.0,0.0,0.0,0.0,9.0,0.0,ukraine
29,Armoured Fighting Vehicles,Vepr,Ukraine,2,0.0,0.0,0.0,0.0,0.0,0.0,0.0,0.0,2.0,0.0,ukraine
30,Armoured Fighting Vehicles,MT-LB,the Soviet Union,54,1.0,0.0,8.0,0.0,1.0,0.0,0.0,0.0,44.0,0.0,ukraine
31,Armoured Fighting Vehicles,MT-LB,the Soviet Union,1,0.0,0.0,0.0,0.0,0.0,0.0,0.0,0.0,1.0,0.0,ukraine
32,Armoured Fighting Vehicles,MT-LB with ZU-23 AA gun,the Soviet Union,9,0.0,0.0,2.0,0.0,0.0,0.0,0.0,0.0,7.0,0.0,ukraine
33,Armoured Fighting Vehicles,MT-LB with BPU-1 turret,the Soviet Union,1,0.0,0.0,0.0,0.0,0.0,0.0,0.0,0.0,1.0,0.0,ukraine
34,Armoured Fighting Vehicles,BTS-4 ARV with ZU-23 AA gun,the Soviet Union,1,0.0,0.0,1.0,0.0,0.0,0.0,0.0,0.0,0.0,0.0,ukraine
35,Armoured Fighting Vehicles,MT-LBu,the Soviet Union,6,0.0,0.0,3.0,0.0,0.0,0.0,0.0,0.0,3.0,0.0,ukraine
36,Armoured Fighting Vehicles,MT-LB-S Ambulance,Ukraine,20,1.0,0.0,5.0,0.0,0.0,0.0,0.0,0.0,14.0,0.0,ukraine
37,Armoured Fighting Vehicles,BMM-70 Ambulance,Ukraine,2,0.0,0.0,0.0,0.0,0.0,0.0,0.0,0.0,2.0,0.0,ukraine
38,Armoured Fighting Vehicles,BMM-4C Ambulance,Ukraine,3,0.0,0.0,2.0,0.0,0.0,0.0,0.0,0.0,1.0,0.0,ukraine
39,Armoured Fighting Vehicles,Unknown AFV,Ukraine,58,0.0,0.0,0.0,0.0,6.0,1.0,0.0,0.0,51.0,0.0,ukraine
40,Infantry Fighting Vehicles,BMP-1(P),the Soviet Union,343,16.0,1.0,46.0,0.0,9.0,6.0,3.0,0.0,262.0,0.0,ukraine
41,Infantry Fighting Vehicles,BMP-1TS,Ukraine,1,0.0,0.0,0.0,0.0,0.0,0.0,0.0,0.0,1.0,0.0,ukraine
42,Infantry Fighting Vehicles,BMP-1U Shkval,Ukraine,2,0.0,0.0,2.0,0.0,0.0,0.0,0.0,0.0,0.0,0.0,ukraine
43,Infantry Fighting Vehicles,BWP-1,Poland,3,0.0,0.0,1.0,0.0,0.0,0.0,0.0,0.0,2.0,0.0,ukraine
44,Infantry Fighting Vehicles,Pbv 501A,Sweden,6,0.0,0.0,1.0,0.0,0.0,0.0,0.0,0.0,5.0,0.0,ukraine
45,Infantry Fighting Vehicles,BVP M-80A,Yugoslavia %281946-1992%29,7,0.0,0.0,0.0,0.0,3.0,1.0,0.0,0.0,3.0,0.0,ukraine
46,Infantry Fighting Vehicles,BMP-2(K),the Soviet Union,173,9.0,0.0,24.0,0.0,5.0,5.0,0.0,0.0,130.0,0.0,ukraine
47,Infantry Fighting Vehicles,Unknown BMP-1/2,the Soviet Union,27,0.0,0.0,0.0,0.0,0.0,0.0,0.0,0.0,27.0,0.0,ukraine
48,Infantry Fighting Vehicles,PRP-3 with a BMD-2 turret,the Soviet Union,2,0.0,0.0,0.0,0.0,0.0,0.0,0.0,0.0,2.0,0.0,ukraine
49,Infantry Fighting Vehicles,PRP-3 with a BMP-1 turret,the Soviet Union,1,0.0,0.0,0.0,0.0,0.0,0.0,0.0,0.0,1.0,0.0,ukraine
50,Infantry Fighting Vehicles,BMD-2,the Soviet Union,5,0.0,0.0,4.0,0.0,0.0,0.0,0.0,0.0,1.0,0.0,ukraine
51,Infantry Fighting Vehicles,M2A2 Bradley ODS-SA,the United States,55,0.0,0.0,0.0,0.0,21.0,6.0,0.0,0.0,28.0,0.0,ukraine
52,Infantry Fighting Vehicles,CV9040C,Sweden,4,0.0,0.0,0.0,0.0,2.0,1.0,1.0,0.0,0.0,0.0,ukraine
53,Infantry Fighting Vehicles,Marder 1A3,Germany,2,0.0,0.0,0.0,0.0,0.0,1.0,0.0,0.0,1.0,0.0,ukraine
54,Infantry Fighting Vehicles,BTR-3,Ukraine,41,0.0,0.0,12.0,0.0,1.0,0.0,0.0,0.0,28.0,0.0,ukraine
55,Infantry Fighting Vehicles,BTR-4,Ukraine,86,2.0,0.0,22.0,3.0,4.0,3.0,0.0,0.0,52.0,0.0,ukraine
56,Infantry Fighting Vehicles,KTO Rosomak,Poland,3,1.0,0.0,0.0,0.0,1.0,0.0,0.0,0.0,1.0,0.0,ukraine
57,Armoured Personnel Carriers,BTR-60PB,the Soviet Union,22,0.0,0.0,7.0,0.0,0.0,0.0,1.0,0.0,14.0,0.0,ukraine
58,Armoured Personnel Carriers,BTR-70,the Soviet Union,28,0.0,0.0,10.0,1.0,4.0,0.0,0.0,0.0,13.0,0.0,ukraine
59,Armoured Personnel Carriers,BTR-70M,Ukraine,8,2.0,0.0,1.0,0.0,0.0,0.0,0.0,0.0,5.0,0.0,ukraine
60,Armoured Personnel Carriers,BTR-7,Ukraine,26,0.0,0.0,20.0,0.0,0.0,0.0,0.0,0.0,6.0,0.0,ukraine
61,Armoured Personnel Carriers,BTR-80,the Soviet Union,107,0.0,0.0,34.0,0.0,2.0,1.0,2.0,0.0,68.0,0.0,ukraine
62,Armoured Personnel Carriers,BTR-80M,Ukraine,2,0.0,0.0,2.0,0.0,0.0,0.0,0.0,0.0,0.0,0.0,ukraine
63,Armoured Personnel Carriers,BTR-D,the Soviet Union,2,0.0,0.0,1.0,0.0,0.0,0.0,0.0,0.0,1.0,0.0,ukraine
64,Armoured Personnel Carriers,GT-MU AFV converted to APC,the Soviet Union,1,0.0,0.0,1.0,0.0,0.0,0.0,0.0,0.0,0.0,0.0,ukraine
65,Armoured Personnel Carriers,Unknown BTR,Ukraine,4,1.0,0.0,0.0,0.0,0.0,0.0,0.0,0.0,3.0,0.0,ukraine
66,Armoured Personnel Carriers,YPR-765,the Netherlands,51,4.0,0.0,3.0,0.0,8.0,3.0,0.0,0.0,33.0,0.0,ukraine
67,Armoured Personnel Carriers,M113,the United States,57,1.0,0.0,6.0,0.0,7.0,3.0,1.0,0.0,39.0,0.0,ukraine
68,Armoured Personnel Carriers,M113AS4,Australia %28converted%29,5,0.0,0.0,1.0,0.0,0.0,0.0,0.0,0.0,4.0,0.0,ukraine
69,Armoured Personnel Carriers,M113G3DK/G4DK,Denmark,7,2.0,0.0,0.0,0.0,1.0,0.0,0.0,0.0,4.0,0.0,ukraine
70,Armoured Personnel Carriers,FV103 Spartan,the United Kingdom,4,0.0,0.0,1.0,0.0,0.0,0.0,0.0,0.0,3.0,0.0,ukraine
71,Armoured Personnel Carriers,VAB,France,12,0.0,0.0,0.0,0.0,2.0,4.0,0.0,0.0,6.0,0.0,ukraine
72,Armoured Personnel Carriers,Sisu XA-185,Finland,7,0.0,0.0,1.0,0.0,1.0,1.0,0.0,0.0,4.0,0.0,ukraine
73,Armoured Personnel Carriers,M1126 Stryker,the United States,4,0.0,0.0,0.0,0.0,1.0,0.0,0.0,0.0,3.0,0.0,ukraine
74,Mine-Resistant Ambush Protected,Vepr,Ukraine,1,0.0,0.0,1.0,0.0,0.0,0.0,0.0,0.0,0.0,0.0,ukraine
75,Mine-Resistant Ambush Protected,KrAZ-MPV Shrek One,Ukraine,2,0.0,0.0,1.0,0.0,0.0,0.0,0.0,0.0,1.0,0.0,ukraine
76,Mine-Resistant Ambush Protected,KrAZ-Forpost,Ukraine,1,0.0,0.0,0.0,0.0,0.0,0.0,0.0,0.0,1.0,0.0,ukraine
77,Mine-Resistant Ambush Protected,Alvis 4 'Mamba',the United Kingdom,4,0.0,0.0,1.0,0.0,1.0,0.0,0.0,0.0,2.0,0.0,ukraine
78,Mine-Resistant Ambush Protected,Mastiff Protected Patrol,the United Kingdom,29,2.0,0.0,1.0,0.0,6.0,1.0,2.0,0.0,17.0,0.0,ukraine
79,Mine-Resistant Ambush Protected,Wolfhound Protected Patrol,the United Kingdom,3,0.0,0.0,0.0,0.0,0.0,0.0,0.0,0.0,3.0,0.0,ukraine
80,Mine-Resistant Ambush Protected,Bushmaster Protected Mobility Vehicle,Australia %28converted%29,9,0.0,0.0,0.0,0.0,3.0,0.0,0.0,0.0,6.0,0.0,ukraine
81,Mine-Resistant Ambush Protected,International M1224 MaxxPro,the United States,63,5.0,0.0,2.0,0.0,8.0,1.0,0.0,0.0,47.0,0.0,ukraine
82,Mine-Resistant Ambush Protected,Oshkosh M-ATV,the United States,23,0.0,0.0,1.0,0.0,1.0,4.0,0.0,0.0,17.0,0.0,ukraine
83,Mine-Resistant Ambush Protected,ATF Dingo,Germany,6,0.0,0.0,0.0,0.0,1.0,1.0,0.0,0.0,4.0,0.0,ukraine
84,Mine-Resistant Ambush Protected,BMC Kirpi,Turkey,25,1.0,0.0,1.0,0.0,3.0,4.0,1.0,0.0,15.0,0.0,ukraine
85,Infantry Mobility Vehicles,KrAZ Cobra,Ukraine,13,0.0,0.0,6.0,0.0,1.0,0.0,0.0,0.0,6.0,0.0,ukraine
86,Infantry Mobility Vehicles,KrAZ Cougar,Ukraine,5,0.0,0.0,3.0,0.0,0.0,0.0,0.0,0.0,2.0,0.0,ukraine
87,Infantry Mobility Vehicles,KrAZ Spartan,Ukraine,10,0.0,0.0,1.0,0.0,0.0,0.0,0.0,0.0,9.0,0.0,ukraine
88,Infantry Mobility Vehicles,Novator,Ukraine,19,0.0,0.0,5.0,0.0,3.0,0.0,0.0,0.0,11.0,0.0,ukraine
89,Infantry Mobility Vehicles,Varta,Ukraine,38,0.0,0.0,25.0,0.0,2.0,0.0,0.0,0.0,11.0,0.0,ukraine
90,Infantry Mobility Vehicles,Kozak-2,Ukraine,59,0.0,0.0,18.0,0.0,0.0,1.0,1.0,0.0,39.0,0.0,ukraine
91,Infantry Mobility Vehicles,Kozak-2M1,Ukraine,26,0.0,0.0,7.0,0.0,2.0,1.0,0.0,0.0,16.0,0.0,ukraine
92,Infantry Mobility Vehicles,Kozak-5,Ukraine,3,0.0,0.0,1.0,0.0,0.0,0.0,0.0,0.0,2.0,0.0,ukraine
93,Infantry Mobility Vehicles,Kozak-7,Ukraine,6,0.0,0.0,0.0,0.0,1.0,0.0,0.0,0.0,5.0,0.0,ukraine
94,Infantry Mobility Vehicles,Triton-1,Ukraine,3,0.0,0.0,3.0,0.0,0.0,0.0,0.0,0.0,0.0,0.0,ukraine
95,Infantry Mobility Vehicles,M1114 and M1151 HMMWV,the United States,80,1.0,0.0,7.0,0.0,9.0,2.0,4.0,0.0,57.0,0.0,ukraine
96,Infantry Mobility Vehicles,M1152 HMMWV,the United States,9,0.0,0.0,0.0,0.0,0.0,0.0,0.0,0.0,9.0,0.0,ukraine
97,Infantry Mobility Vehicles,M998 HMMWV,the United States,16,0.0,0.0,12.0,0.0,0.0,0.0,1.0,0.0,3.0,0.0,ukraine
98,Infantry Mobility Vehicles,M1165 HMMWV,the United States,4,0.0,0.0,0.0,0.0,0.0,0.0,0.0,0.0,4.0,0.0,ukraine
99,Infantry Mobility Vehicles,M1123 HMMWV,the United States,2,0.0,0.0,0.0,0.0,0.0,0.0,0.0,0.0,2.0,0.0,ukraine
100,Infantry Mobility Vehicles,HMMWV Ambulance,the United States,11,0.0,0.0,4.0,0.0,2.0,0.0,3.0,0.0,2.0,0.0,ukraine
101,Infantry Mobility Vehicles,Unknown HMMWV variant,the United States,4,0.0,0.0,0.0,0.0,0.0,0.0,0.0,0.0,4.0,0.0,ukraine
102,Infantry Mobility Vehicles,AT105A Saxon,the United Kingdom,14,0.0,0.0,9.0,0.0,0.0,0.0,0.0,0.0,5.0,0.0,ukraine
103,Infantry Mobility Vehicles,Husky Tactical Support Vehicle,the United Kingdom,20,0.0,0.0,2.0,0.0,4.0,1.0,0.0,0.0,13.0,0.0,ukraine
104,Infantry Mobility Vehicles,Iveco LMV,Italy,9,0.0,0.0,0.0,0.0,1.0,0.0,0.0,0.0,8.0,0.0,ukraine
105,Infantry Mobility Vehicles,MLS Shield,Italy,3,0.0,0.0,0.0,0.0,2.0,0.0,0.0,0.0,1.0,0.0,ukraine
106,Infantry Mobility Vehicles,INKAS Titan-S,the United Arab Emirates,3,0.0,0.0,0.0,0.0,0.0,0.0,0.0,0.0,3.0,0.0,ukraine
107,Infantry Mobility Vehicles,Panthera T6,the United Arab Emirates,3,0.0,0.0,1.0,0.0,0.0,0.0,0.0,0.0,2.0,0.0,ukraine
108,Infantry Mobility Vehicles,Roshel Senator,Canada %28Pantone%29,7,0.0,0.0,1.0,1.0,2.0,0.0,0.0,0.0,3.0,0.0,ukraine
109,Infantry Mobility Vehicles,AMZ Dzik-2,Poland,1,0.0,0.0,0.0,0.0,0.0,0.0,1.0,0.0,0.0,0.0,ukraine
110,Infantry Mobility Vehicles,Oncilla,Poland,1,0.0,0.0,0.0,0.0,0.0,0.0,0.0,0.0,1.0,0.0,ukraine
111,Infantry Mobility Vehicles,Unknown IMV,Ukraine,7,0.0,0.0,0.0,0.0,1.0,0.0,0.0,0.0,6.0,0.0,ukraine
112,Command Posts And Communications Stations,BMP-1KSh command and staff vehicle,the Soviet Union,2,0.0,0.0,0.0,0.0,0.0,0.0,0.0,0.0,2.0,0.0,ukraine
113,Command Posts And Communications Stations,K1Sh1 command and staff vehicle,the Soviet Union,1,0.0,0.0,1.0,0.0,0.0,0.0,0.0,0.0,0.0,0.0,ukraine
114,Command Posts And Communications Stations,R-142N command and staff vehicle,the Soviet Union,1,0.0,0.0,0.0,0.0,0.0,0.0,0.0,0.0,1.0,0.0,ukraine
115,Command Posts And Communications Stations,BTR-70DI-02 'Svityaz' command and staff vehicle,Ukraine,1,0.0,0.0,1.0,0.0,0.0,0.0,0.0,0.0,0.0,0.0,ukraine
116,Command Posts And Communications Stations,R-145BM command vehicle,the Soviet Union,2,0.0,0.0,1.0,0.0,0.0,0.0,0.0,0.0,1.0,0.0,ukraine
117,Command Posts And Communications Stations,BTR-60PU-12 air defence command vehicle,the Soviet Union,2,0.0,0.0,1.0,0.0,0.0,0.0,0.0,0.0,1.0,0.0,ukraine
118,Command Posts And Communications Stations,R-409A radio station vehicle,the Soviet Union,1,0.0,0.0,0.0,0.0,0.0,0.0,0.0,0.0,1.0,0.0,ukraine
119,Command Posts And Communications Stations,R-405M radio station vehicle,the Soviet Union,1,0.0,0.0,0.0,0.0,0.0,0.0,0.0,0.0,1.0,0.0,ukraine
120,Command Posts And Communications Stations,9S470M1 command vehicle for Buk-M1,the Soviet Union,1,0.0,0.0,0.0,0.0,0.0,0.0,0.0,0.0,1.0,0.0,ukraine
121,Command Posts And Communications Stations,R-845 radio station,the Soviet Union,1,0.0,0.0,0.0,0.0,0.0,0.0,0.0,0.0,1.0,0.0,ukraine
122,Command Posts And Communications Stations,ZiL-131-based KShM KUNG command vehicle,the Soviet Union,1,0.0,0.0,0.0,0.0,0.0,0.0,0.0,0.0,1.0,0.0,ukraine
123,Command Posts And Communications Stations,Radio relay station for the TB2 UCAV,Turkey,1,0.0,0.0,0.0,0.0,0.0,0.0,0.0,0.0,1.0,0.0,ukraine
124,Command Posts And Communications Stations,Control station for the TB2 UCAV,Turkey,2,0.0,0.0,0.0,0.0,0.0,0.0,0.0,0.0,2.0,0.0,ukraine
125,Command Posts And Communications Stations,SkyGuard Aspide control station,Italy,1,0.0,0.0,0.0,0.0,0.0,0.0,0.0,0.0,1.0,0.0,ukraine
126,Engineering Vehicles And Equipment,IMR-2 combat engineering vehicle,the Soviet Union,7,0.0,0.0,1.0,0.0,0.0,1.0,0.0,0.0,5.0,0.0,ukraine
127,Engineering Vehicles And Equipment,BMR-2 mine-clearing tank,the Soviet Union,1,1.0,0.0,0.0,0.0,0.0,0.0,0.0,0.0,0.0,0.0,ukraine
128,Engineering Vehicles And Equipment,T-64 mine-clearing tank,Ukraine,3,0.0,0.0,1.0,0.0,0.0,1.0,0.0,0.0,1.0,0.0,ukraine
129,Engineering Vehicles And Equipment,Leopard 2R mine-clearing tank,Finland,3,0.0,0.0,0.0,0.0,2.0,0.0,0.0,0.0,1.0,0.0,ukraine
130,Engineering Vehicles And Equipment,Wisent 1 mine-clearing tank,Germany,1,0.0,0.0,0.0,0.0,0.0,0.0,0.0,0.0,1.0,0.0,ukraine
131,Engineering Vehicles And Equipment,BAT-2 heavy engineering vehicle,the Soviet Union,3,0.0,0.0,1.0,0.0,0.0,0.0,1.0,0.0,1.0,0.0,ukraine
132,Engineering Vehicles And Equipment,MT-T multi-purpose tracked transporter,the Soviet Union,1,0.0,0.0,0.0,0.0,1.0,0.0,0.0,0.0,0.0,0.0,ukraine
133,Engineering Vehicles And Equipment,IRM 'Zhuk' engineer reconnaissance vehicle,the Soviet Union,1,0.0,0.0,1.0,0.0,0.0,0.0,0.0,0.0,0.0,0.0,ukraine
134,Engineering Vehicles And Equipment,MDK-3 trench-digging vehicle,the Soviet Union,1,0.0,0.0,1.0,0.0,0.0,0.0,0.0,0.0,0.0,0.0,ukraine
135,Engineering Vehicles And Equipment,RKhM 'Kashalot',the Soviet Union,3,0.0,0.0,2.0,0.0,0.0,0.0,0.0,0.0,1.0,0.0,ukraine
136,Engineering Vehicles And Equipment,BREM-Ch ''BREM-4'' armoured recovery vehicle,the Czech Republic,3,0.0,0.0,0.0,0.0,0.0,0.0,0.0,0.0,3.0,0.0,ukraine
137,Engineering Vehicles And Equipment,BTS-4A armoured recovery vehicle,the Soviet Union,8,1.0,0.0,2.0,0.0,0.0,1.0,0.0,0.0,4.0,0.0,ukraine
138,Engineering Vehicles And Equipment,BREM-1 armoured recovery vehicle,the Soviet Union,6,0.0,0.0,1.0,0.0,2.0,0.0,0.0,0.0,3.0,0.0,ukraine
139,Engineering Vehicles And Equipment,M88A1 armoured recovery vehicle,the United States,2,0.0,0.0,0.0,0.0,0.0,0.0,0.0,0.0,2.0,0.0,ukraine
140,Engineering Vehicles And Equipment,Bergepanzer 2 armoured recovery vehicle,Germany,1,0.0,0.0,0.0,0.0,1.0,0.0,0.0,0.0,0.0,0.0,ukraine
141,Engineering Vehicles And Equipment,Ural-4320 KET-L recovery vehicle,the Soviet Union,1,0.0,0.0,0.0,0.0,0.0,0.0,0.0,0.0,1.0,0.0,ukraine
142,Engineering Vehicles And Equipment,M1132 Stryker Engineering Squad Vehicle,the United States,2,0.0,0.0,0.0,0.0,0.0,0.0,0.0,0.0,2.0,0.0,ukraine
143,Engineering Vehicles And Equipment,MTO-AT mobile workshop,the Soviet Union,3,0.0,0.0,1.0,0.0,0.0,0.0,0.0,0.0,2.0,0.0,ukraine
144,Engineering Vehicles And Equipment,PTS-2  tracked amphibious transport,the Soviet Union,1,0.0,0.0,1.0,0.0,0.0,0.0,0.0,0.0,0.0,0.0,ukraine
145,Engineering Vehicles And Equipment,PMP floating bridge,the Soviet Union,3,0.0,0.0,1.0,0.0,0.0,0.0,0.0,0.0,2.0,0.0,ukraine
146,Engineering Vehicles And Equipment,TMM-3M1 bridge layer,Ukraine,3,0.0,0.0,2.0,0.0,0.0,0.0,0.0,0.0,1.0,0.0,ukraine
147,Engineering Vehicles And Equipment,Pontoon bridge,Ukraine,1,0.0,0.0,0.0,0.0,0.0,0.0,0.0,0.0,1.0,0.0,ukraine
148,Engineering Vehicles And Equipment,KrAZ-255B with excavator,the Soviet Union,3,0.0,0.0,1.0,0.0,0.0,0.0,0.0,0.0,2.0,0.0,ukraine
149,Engineering Vehicles And Equipment,KrAZ-255B pontoon bridge layer,the Soviet Union,4,0.0,0.0,1.0,0.0,0.0,0.0,0.0,0.0,3.0,0.0,ukraine
150,Engineering Vehicles And Equipment,KrAZ-255B with KS-3575 crane,the Soviet Union,1,0.0,0.0,0.0,0.0,0.0,0.0,0.0,0.0,1.0,0.0,ukraine
151,Engineering Vehicles And Equipment,KrAZ-6322 Master mobile workshop,the Soviet Union,1,0.0,0.0,1.0,0.0,0.0,0.0,0.0,0.0,0.0,0.0,ukraine
152,Engineering Vehicles And Equipment,GMZ-3 minelayer,the Soviet Union,4,0.0,0.0,2.0,0.0,1.0,0.0,0.0,0.0,1.0,0.0,ukraine
153,Engineering Vehicles And Equipment,PZM-2 trench-digging vehicle,the Soviet Union,3,0.0,0.0,0.0,0.0,1.0,0.0,0.0,0.0,2.0,0.0,ukraine
154,Engineering Vehicles And Equipment,UMP-350 engine heater,the Soviet Union,1,0.0,0.0,1.0,0.0,0.0,0.0,0.0,0.0,0.0,0.0,ukraine
155,Engineering Vehicles And Equipment,ARS-14 decontamination and degassing vehicle,the Soviet Union,3,0.0,0.0,3.0,0.0,0.0,0.0,0.0,0.0,0.0,0.0,ukraine
156,Engineering Vehicles And Equipment,Ural-4320 KT-L recovery vehicle,the Soviet Union,3,0.0,0.0,0.0,0.0,0.0,0.0,0.0,0.0,3.0,0.0,ukraine
157,Engineering Vehicles And Equipment,BMK-460 towing and motor boat,the Soviet Union,1,0.0,0.0,0.0,0.0,1.0,0.0,0.0,0.0,0.0,0.0,ukraine
158,Engineering Vehicles And Equipment,TDA-M mobile smoke generator,the Soviet Union,1,0.0,0.0,0.0,0.0,0.0,0.0,0.0,0.0,1.0,0.0,ukraine
159,Engineering Vehicles And Equipment,AK-04-9A 'Porosha' airfield air conditioner based on KamAZ-5320,the Soviet Union,1,0.0,0.0,0.0,0.0,0.0,0.0,0.0,0.0,1.0,0.0,ukraine
160,Self-Propelled Anti-Tank Missile Systems,9P148 Konkurs ATGM carrier,the Soviet Union,18,1.0,0.0,10.0,0.0,0.0,0.0,0.0,0.0,7.0,0.0,ukraine
161,Self-Propelled Anti-Tank Missile Systems,9P149 Shturm-S ATGM carrier,the Soviet Union,3,0.0,0.0,1.0,0.0,0.0,0.0,1.0,0.0,1.0,0.0,ukraine
162,Artillery Support Vehicles And Equipment,1V13 battery command and forward observer vehicle,the Soviet Union,2,0.0,0.0,0.0,0.0,0.0,0.0,0.0,0.0,2.0,0.0,ukraine
163,Artillery Support Vehicles And Equipment,1V14 battery command and forward observer vehicle,the Soviet Union,6,0.0,0.0,1.0,0.0,0.0,0.0,0.0,0.0,5.0,0.0,ukraine
164,Artillery Support Vehicles And Equipment,1V15 battery command and forward observer vehicle,the Soviet Union,4,0.0,0.0,4.0,0.0,0.0,0.0,0.0,0.0,0.0,0.0,ukraine
165,Artillery Support Vehicles And Equipment,1V16M artillery battalion command and staff vehicle,the Soviet Union,1,0.0,0.0,0.0,0.0,0.0,0.0,0.0,0.0,1.0,0.0,ukraine
166,Artillery Support Vehicles And Equipment,1V18 'Klyon-1' artillery command and forward observer vehicle,the Soviet Union,8,0.0,0.0,8.0,0.0,0.0,0.0,0.0,0.0,0.0,0.0,ukraine
167,Artillery Support Vehicles And Equipment,9T452 transporter-loader (for BM-27 'Uragan' MRL),the Soviet Union,2,0.0,0.0,0.0,0.0,0.0,0.0,0.0,0.0,2.0,0.0,ukraine
168,Towed Artillery,100mm BS-3 anti-tank gun,the Soviet Union,3,0.0,0.0,2.0,0.0,0.0,0.0,0.0,0.0,1.0,0.0,ukraine
169,Towed Artillery,100mm MT-12 anti-tank gun,the Soviet Union,18,0.0,0.0,11.0,0.0,1.0,0.0,0.0,0.0,6.0,0.0,ukraine
170,Towed Artillery,105mm L119 howitzer,the United Kingdom,2,0.0,0.0,0.0,0.0,2.0,0.0,0.0,0.0,0.0,0.0,ukraine
171,Towed Artillery,120mm 2B16 Nona-K gun mortar,the Soviet Union,1,0.0,0.0,0.0,0.0,0.0,0.0,0.0,0.0,1.0,0.0,ukraine
172,Towed Artillery,122mm D-30 howitzer,the Soviet Union,10,0.0,0.0,2.0,0.0,4.0,0.0,0.0,0.0,4.0,0.0,ukraine
173,Towed Artillery,130mm M-46 field gun,the Soviet Union,1,0.0,0.0,0.0,0.0,1.0,0.0,0.0,0.0,0.0,0.0,ukraine
174,Towed Artillery,152mm D-20 gun-howitzer,the Soviet Union,9,0.0,0.0,1.0,0.0,1.0,0.0,0.0,0.0,7.0,0.0,ukraine
175,Towed Artillery,152mm 2A36 Giatsint-B field-gun,the Soviet Union,14,0.0,9.0,1.0,0.0,2.0,0.0,0.0,0.0,2.0,0.0,ukraine
176,Towed Artillery,152mm 2A65 Msta-B howitzer,the Soviet Union,6,2.0,0.0,1.0,0.0,1.0,0.0,0.0,0.0,2.0,0.0,ukraine
177,Towed Artillery,155mm FH-70 howitzer,Estonia,4,0.0,0.0,0.0,0.0,2.0,0.0,0.0,0.0,2.0,0.0,ukraine
178,Towed Artillery,155mm TRF1 howitzer,France,1,0.0,0.0,0.0,0.0,0.0,0.0,0.0,0.0,1.0,0.0,ukraine
179,Towed Artillery,155mm M777A2 howitzer,the United States,67,0.0,0.0,0.0,0.0,31.0,0.0,0.0,0.0,36.0,0.0,ukraine
180,Towed Artillery,Unknown towed artillery,Ukraine,24,0.0,0.0,0.0,0.0,6.0,0.0,0.0,0.0,18.0,0.0,ukraine
181,Self-Propelled Artillery,120mm Bars-8MMK,Ukraine,2,0.0,0.0,0.0,0.0,0.0,0.0,0.0,0.0,2.0,0.0,ukraine
182,Self-Propelled Artillery,120mm BTR-3M2,Ukraine,3,0.0,0.0,2.0,0.0,0.0,0.0,0.0,0.0,1.0,0.0,ukraine
183,Self-Propelled Artillery,120mm 2S9 Nona,the Soviet Union,4,0.0,0.0,0.0,0.0,0.0,0.0,0.0,0.0,4.0,0.0,ukraine
184,Self-Propelled Artillery,120mm BRM-1K with 2S9 Nona turret,the Soviet Union,2,0.0,0.0,0.0,0.0,0.0,0.0,0.0,0.0,2.0,0.0,ukraine
185,Self-Propelled Artillery,120mm лю1064лљ3,the United States,1,0.0,0.0,0.0,0.0,0.0,0.0,0.0,0.0,1.0,0.0,ukraine
186,Self-Propelled Artillery,120mm Alakran,Spain,2,0.0,0.0,0.0,0.0,0.0,0.0,0.0,0.0,2.0,0.0,ukraine
187,Self-Propelled Artillery,122mm 2S1 Gvozdika,the Soviet Union,78,0.0,0.0,13.0,0.0,12.0,0.0,0.0,0.0,53.0,0.0,ukraine
188,Self-Propelled Artillery,152mm 2S3 Akatsiya,the Soviet Union,36,0.0,0.0,4.0,0.0,7.0,0.0,0.0,0.0,25.0,0.0,ukraine
189,Self-Propelled Artillery,152mm 2S5 Giatsint-S,the Soviet Union,3,0.0,0.0,2.0,0.0,0.0,0.0,0.0,0.0,1.0,0.0,ukraine
190,Self-Propelled Artillery,152mm 2S19 Msta-S,the Soviet Union,5,0.0,0.0,0.0,0.0,3.0,0.0,0.0,0.0,2.0,0.0,ukraine
191,Self-Propelled Artillery,155mm M109A3/A4/A5/A6/L,Norway,35,0.0,0.0,0.0,0.0,13.0,0.0,0.0,0.0,22.0,0.0,ukraine
192,Self-Propelled Artillery,155mm AHS Krab,Poland,21,0.0,0.0,0.0,0.0,3.0,0.0,0.0,0.0,18.0,0.0,ukraine
193,Self-Propelled Artillery,203mm 2S7 Pion,the Soviet Union,9,0.0,0.0,1.0,0.0,4.0,0.0,1.0,0.0,3.0,0.0,ukraine
194,Self-Propelled Artillery,155mm ShKH Zuzana 2,Slovakia,1,0.0,0.0,0.0,0.0,0.0,0.0,0.0,0.0,1.0,0.0,ukraine
195,Self-Propelled Artillery,155mm Caesar 6x6,France,4,0.0,0.0,0.0,0.0,2.0,0.0,0.0,0.0,2.0,0.0,ukraine
196,Self-Propelled Artillery,155mm Caesar 8x8,France,1,0.0,0.0,0.0,0.0,0.0,0.0,0.0,0.0,1.0,0.0,ukraine
197,Self-Propelled Artillery,155mm Panzerhaubitze 2000,Germany,1,0.0,0.0,0.0,0.0,1.0,0.0,0.0,0.0,0.0,0.0,ukraine
198,Self-Propelled Artillery,152mm ShKH vz. 77 DANA,the Czech Republic,1,0.0,0.0,0.0,0.0,1.0,0.0,0.0,0.0,0.0,0.0,ukraine
199,Self-Propelled Artillery,155mm AS-90,the United Kingdom,3,0.0,0.0,0.0,0.0,0.0,0.0,0.0,0.0,3.0,0.0,ukraine
200,Self-Propelled Artillery,Unknown SPG,Ukraine,10,0.0,0.0,0.0,0.0,1.0,0.0,0.0,0.0,9.0,0.0,ukraine
201,Multiple Rocket Launchers,80mm B-8 makeshift MRL,Ukraine,1,0.0,0.0,0.0,0.0,0.0,0.0,0.0,0.0,1.0,0.0,ukraine
202,Multiple Rocket Launchers,122mm BM-21 Grad,the Soviet Union,38,0.0,0.0,5.0,0.0,8.0,0.0,0.0,0.0,25.0,0.0,ukraine
203,Multiple Rocket Launchers,122mm Bastion-1,Ukraine,1,0.0,0.0,0.0,0.0,0.0,0.0,0.0,0.0,1.0,0.0,ukraine
204,Multiple Rocket Launchers,220mm BM-27 Uragan,the Soviet Union,6,0.0,0.0,4.0,0.0,0.0,0.0,0.0,0.0,2.0,0.0,ukraine
205,Multiple Rocket Launchers,220mm Bureviy,Ukraine,1,0.0,0.0,0.0,0.0,0.0,0.0,0.0,0.0,1.0,0.0,ukraine
206,Multiple Rocket Launchers,122mm RM-70,the Czech Republic,3,0.0,0.0,0.0,0.0,1.0,0.0,0.0,0.0,2.0,0.0,ukraine
207,Anti-Aircraft Guns,23mm ZU-23,the Soviet Union,3,0.0,0.0,3.0,0.0,0.0,0.0,0.0,0.0,0.0,0.0,ukraine
208,Anti-Aircraft Guns,23mm 23 ItK 61,Finland,1,0.0,0.0,1.0,0.0,0.0,0.0,0.0,0.0,0.0,0.0,ukraine
209,Self-Propelled Anti-Aircraft Guns,BTR-ZD Skrezhet,the Soviet Union,1,0.0,0.0,0.0,1.0,0.0,0.0,0.0,0.0,0.0,0.0,ukraine
210,Self-Propelled Anti-Aircraft Guns,ZSU-23-4 Shilka,the Soviet Union,5,1.0,0.0,2.0,0.0,1.0,0.0,0.0,0.0,1.0,0.0,ukraine
211,Self-Propelled Anti-Aircraft Guns,2K22M Tunguska-M,the Soviet Union,1,0.0,0.0,1.0,0.0,0.0,0.0,0.0,0.0,0.0,0.0,ukraine
212,Surface-To-Air Missile Systems,9K33 Osa,the Soviet Union,18,0.0,0.0,3.0,0.0,3.0,0.0,0.0,0.0,12.0,0.0,ukraine
213,Surface-To-Air Missile Systems,9K35 Strela-10,the Soviet Union,22,1.0,0.0,0.0,0.0,3.0,0.0,0.0,0.0,18.0,0.0,ukraine
214,Surface-To-Air Missile Systems,Stormer HVM,the United Kingdom,3,0.0,0.0,0.0,0.0,3.0,0.0,0.0,0.0,0.0,0.0,ukraine
215,Surface-To-Air Missile Systems,9A310M1 TELAR (for Buk-M1),the Soviet Union,13,0.0,0.0,1.0,0.0,2.0,0.0,0.0,0.0,10.0,0.0,ukraine
216,Surface-To-Air Missile Systems,9A39M1 TEL (for Buk-M1),the Soviet Union,2,0.0,0.0,0.0,0.0,0.0,0.0,0.0,0.0,2.0,0.0,ukraine
217,Surface-To-Air Missile Systems,9A330 Tor TLAR (for 9K330 Tor),the Soviet Union,1,0.0,0.0,0.0,0.0,1.0,0.0,0.0,0.0,0.0,0.0,ukraine
218,Surface-To-Air Missile Systems,5P851A (Launcher for S-300PT-1A),the Soviet Union,28,0.0,0.0,0.0,0.0,0.0,0.0,0.0,0.0,28.0,0.0,ukraine
219,Surface-To-Air Missile Systems,5P85D (launcher for S-300PS),the Soviet Union,2,0.0,0.0,1.0,0.0,0.0,0.0,0.0,0.0,1.0,0.0,ukraine
220,Surface-To-Air Missile Systems,5P85S (launcher for S-300PS),the Soviet Union,13,0.0,0.0,1.0,0.0,1.0,0.0,0.0,0.0,11.0,0.0,ukraine
221,Surface-To-Air Missile Systems,5P85D/S (launcher for S-300PS),the Soviet Union,22,0.0,0.0,0.0,0.0,1.0,0.0,0.0,0.0,21.0,0.0,ukraine
222,Surface-To-Air Missile Systems,Launcher for S-300,the Soviet Union,3,0.0,0.0,0.0,0.0,0.0,0.0,0.0,0.0,3.0,0.0,ukraine
223,Radars And Communications Equipment,P-14 'Tall King',the Soviet Union,1,0.0,0.0,0.0,0.0,1.0,0.0,0.0,0.0,0.0,0.0,ukraine
224,Radars And Communications Equipment,P-18 'Spoon Rest D',the Soviet Union,6,0.0,0.0,1.0,0.0,0.0,0.0,0.0,0.0,5.0,0.0,ukraine
225,Radars And Communications Equipment,P-18 'Malakhit',Ukraine,6,0.0,0.0,1.0,0.0,0.0,0.0,0.0,0.0,5.0,0.0,ukraine
226,Radars And Communications Equipment,79K6 'Pelikan' 3D surveillance radar,Ukraine,1,0.0,0.0,0.0,0.0,0.0,0.0,0.0,0.0,1.0,0.0,ukraine
227,Radars And Communications Equipment,P-19 'Flat Face B',the Soviet Union,2,0.0,0.0,0.0,0.0,0.0,0.0,0.0,0.0,2.0,0.0,ukraine
228,Radars And Communications Equipment,P-35/37 'Bar Lock',the Soviet Union,1,0.0,0.0,0.0,0.0,0.0,0.0,0.0,0.0,1.0,0.0,ukraine
229,Radars And Communications Equipment,PRV-11 'Side Net',the Soviet Union,1,0.0,0.0,1.0,0.0,0.0,0.0,0.0,0.0,0.0,0.0,ukraine
230,Radars And Communications Equipment,PRV-13 'Odd Pair',the Soviet Union,2,0.0,0.0,1.0,0.0,0.0,0.0,0.0,0.0,1.0,0.0,ukraine
231,Radars And Communications Equipment,PRV-16 'Thin Skin B',the Soviet Union,2,0.0,0.0,0.0,0.0,0.0,0.0,0.0,0.0,2.0,0.0,ukraine
232,Radars And Communications Equipment,1L22 'Parol',the Soviet Union,4,0.0,0.0,1.0,0.0,1.0,0.0,0.0,0.0,2.0,0.0,ukraine
233,Radars And Communications Equipment,36D6 'Tin Shield',the Soviet Union,14,0.0,0.0,1.0,0.0,2.0,0.0,0.0,0.0,11.0,0.0,ukraine
234,Radars And Communications Equipment,5N63S 'Flap Lid B' (for S-300PS),the Soviet Union,13,0.0,0.0,0.0,0.0,0.0,0.0,0.0,0.0,13.0,0.0,ukraine
235,Radars And Communications Equipment,5N63-1 'Flap Lid A' on 40V6M mast (for S-300PT),the Soviet Union,1,0.0,0.0,1.0,0.0,0.0,0.0,0.0,0.0,0.0,0.0,ukraine
236,Radars And Communications Equipment,5N66M 'Clam Shell' on 40V6M mast (for S-300PT),the Soviet Union,3,1.0,0.0,1.0,0.0,0.0,0.0,0.0,0.0,1.0,0.0,ukraine
237,Radars And Communications Equipment,"R-410-7,5 tropospheric radio relay communication station",the Soviet Union,1,0.0,0.0,0.0,0.0,0.0,0.0,0.0,0.0,1.0,0.0,ukraine
238,Radars And Communications Equipment,SNAR-10 battlefield surveillance radar,the Soviet Union,3,0.0,0.0,2.0,0.0,0.0,0.0,0.0,0.0,1.0,0.0,ukraine
239,Radars And Communications Equipment,1B44-1 (RPMK-1) radiosonde weather radar,the Soviet Union,1,0.0,0.0,0.0,0.0,0.0,0.0,0.0,0.0,1.0,0.0,ukraine
240,Radars And Communications Equipment,ST-68U radar,the Soviet Union,3,0.0,0.0,0.0,0.0,0.0,0.0,0.0,0.0,3.0,0.0,ukraine
241,Radars And Communications Equipment,PRV-16ML height-finder radar,Lithuania,1,0.0,0.0,0.0,0.0,0.0,0.0,0.0,0.0,1.0,0.0,ukraine
242,Radars And Communications Equipment,P-18ML long-range VHF surveillance radar,Lithuania,1,0.0,0.0,0.0,0.0,1.0,0.0,0.0,0.0,0.0,0.0,ukraine
243,Radars And Communications Equipment,AN-MPQ-64 Sentinel radr,the United States,1,0.0,0.0,0.0,0.0,0.0,0.0,0.0,0.0,1.0,0.0,ukraine
244,Radars And Communications Equipment,TRML-4D multi-functional radar (for IRIS-T SLM),Germany,1,0.0,0.0,0.0,0.0,1.0,0.0,0.0,0.0,0.0,0.0,ukraine
245,Radars And Communications Equipment,AN/TPQ-36 weapons location radar,the United States,2,0.0,0.0,0.0,0.0,1.0,0.0,0.0,0.0,1.0,0.0,ukraine
246,Radars And Communications Equipment,AN/TPQ-37 weapons location radar,the United States,2,0.0,0.0,0.0,0.0,0.0,0.0,0.0,0.0,2.0,0.0,ukraine
247,Radars And Communications Equipment,AN/TPQ-49 lightweight counter mortar radar,the United States,1,0.0,0.0,1.0,0.0,0.0,0.0,0.0,0.0,0.0,0.0,ukraine
248,Radars And Communications Equipment,AN/TPQ-50 counter-battery radar,the United States,5,0.0,0.0,0.0,0.0,0.0,0.0,0.0,0.0,5.0,0.0,ukraine
249,Radars And Communications Equipment,ARTHUR counter-battery radar,the United Kingdom,1,0.0,0.0,0.0,0.0,0.0,0.0,0.0,0.0,1.0,0.0,ukraine
250,Radars And Communications Equipment,Unknown counter mortar/battery radar,the United States,1,0.0,0.0,0.0,0.0,1.0,0.0,0.0,0.0,0.0,0.0,ukraine
251,Jammers And Deception Systems,NOTA,Ukraine,1,0.0,0.0,1.0,0.0,0.0,0.0,0.0,0.0,0.0,0.0,ukraine
252,Jammers And Deception Systems,Bukovel-AD EW system,Ukraine,3,0.0,0.0,0.0,0.0,0.0,0.0,0.0,0.0,3.0,0.0,ukraine
253,Aircraft,MiG-29 fighter aircraft,the Soviet Union,22,0.0,0.0,0.0,0.0,1.0,0.0,0.0,0.0,21.0,0.0,ukraine
254,Aircraft,Su-27 fighter aircraft,the Soviet Union,12,0.0,0.0,0.0,0.0,0.0,0.0,0.0,0.0,12.0,0.0,ukraine
255,Aircraft,Su-25 close air support aircraft,the Soviet Union,16,0.0,0.0,0.0,0.0,0.0,0.0,0.0,1.0,15.0,0.0,ukraine
256,Aircraft,Su-24M strike aircraft,the Soviet Union,16,0.0,0.0,0.0,0.0,0.0,0.0,0.0,0.0,16.0,0.0,ukraine
257,Aircraft,Su-24MR tactical reconnaissance aircraft,the Soviet Union,1,0.0,0.0,0.0,0.0,0.0,0.0,0.0,0.0,1.0,0.0,ukraine
258,Aircraft,L-39 Albatros,the Czech Republic,2,0.0,0.0,0.0,0.0,0.0,0.0,0.0,0.0,2.0,0.0,ukraine
259,Aircraft,Il-76 transport aircraft,the Soviet Union,2,0.0,0.0,1.0,0.0,0.0,0.0,0.0,0.0,1.0,0.0,ukraine
260,Aircraft,An-26 transport aircraft,the Soviet Union,2,0.0,0.0,0.0,0.0,0.0,0.0,0.0,0.0,2.0,0.0,ukraine
261,Helicopters,Mi-2 training helicopter,the Soviet Union,5,0.0,0.0,3.0,0.0,0.0,0.0,0.0,0.0,2.0,0.0,ukraine
262,Helicopters,Mi-8 transport helicopter,the Soviet Union,26,0.0,0.0,0.0,0.0,1.0,0.0,0.0,0.0,25.0,0.0,ukraine
263,Helicopters,Mi-14PS maritime helicopter,the Soviet Union,1,0.0,0.0,0.0,0.0,0.0,0.0,0.0,0.0,1.0,0.0,ukraine
264,Helicopters,Mi-24P attack helicopter,the Soviet Union,2,0.0,0.0,0.0,0.0,0.0,0.0,0.0,0.0,2.0,0.0,ukraine
265,Helicopters,Mi-24 attack helicopter,the Soviet Union,2,0.0,0.0,0.0,0.0,1.0,0.0,0.0,0.0,1.0,0.0,ukraine
266,Helicopters,Airbus H225 transport helicopter,France,1,0.0,0.0,0.0,0.0,0.0,0.0,0.0,0.0,1.0,0.0,ukraine
267,Unmanned Combat Aerial Vehicles,Bayraktar TB2,Turkey,24,0.0,0.0,0.0,0.0,0.0,0.0,0.0,0.0,24.0,0.0,ukraine
268,Unmanned Combat Aerial Vehicles,Avenger,Ukraine,1,0.0,0.0,0.0,0.0,0.0,0.0,0.0,0.0,1.0,0.0,ukraine
269,Reconnaissance Unmanned Aerial Vehicles,A1-SM Fury,Ukraine,45,0.0,0.0,20.0,0.0,0.0,0.0,0.0,0.0,25.0,0.0,ukraine
270,Reconnaissance Unmanned Aerial Vehicles,ASU-1 Valkyrja,Ukraine,29,0.0,0.0,5.0,0.0,0.0,0.0,0.0,0.0,24.0,0.0,ukraine
271,Reconnaissance Unmanned Aerial Vehicles,Leleka-100,Ukraine,36,0.0,0.0,10.0,0.0,0.0,0.0,1.0,0.0,25.0,0.0,ukraine
272,Reconnaissance Unmanned Aerial Vehicles,Spaitech Sparrow,Ukraine,4,0.0,0.0,3.0,0.0,0.0,0.0,0.0,0.0,1.0,0.0,ukraine
273,Reconnaissance Unmanned Aerial Vehicles,Spectator-M1,Ukraine,5,0.0,0.0,2.0,0.0,0.0,0.0,0.0,0.0,3.0,0.0,ukraine
274,Reconnaissance Unmanned Aerial Vehicles,Dovbush T10,Ukraine,2,0.0,0.0,1.0,0.0,0.0,0.0,0.0,0.0,1.0,0.0,ukraine
275,Reconnaissance Unmanned Aerial Vehicles,PD-1,Ukraine,1,0.0,0.0,1.0,0.0,0.0,0.0,0.0,0.0,0.0,0.0,ukraine
276,Reconnaissance Unmanned Aerial Vehicles,UJ-22,Ukraine,2,0.0,0.0,0.0,0.0,0.0,0.0,0.0,0.0,2.0,0.0,ukraine
277,Reconnaissance Unmanned Aerial Vehicles,ITEC Skif,Ukraine,3,0.0,0.0,1.0,0.0,0.0,0.0,0.0,0.0,2.0,0.0,ukraine
278,Reconnaissance Unmanned Aerial Vehicles,Shark,Ukraine,7,0.0,0.0,2.0,0.0,0.0,0.0,0.0,0.0,5.0,0.0,ukraine
279,Reconnaissance Unmanned Aerial Vehicles,Mara-2M,Ukraine,3,0.0,0.0,1.0,0.0,0.0,0.0,0.0,0.0,2.0,0.0,ukraine
280,Reconnaissance Unmanned Aerial Vehicles,Chaklun,Ukraine,2,0.0,0.0,1.0,0.0,0.0,0.0,0.0,0.0,1.0,0.0,ukraine
281,Reconnaissance Unmanned Aerial Vehicles,Orlik,the Czech Republic,2,0.0,0.0,1.0,0.0,0.0,0.0,0.0,0.0,1.0,0.0,ukraine
282,Reconnaissance Unmanned Aerial Vehicles,Primoco One 150,the Czech Republic,1,0.0,0.0,0.0,0.0,0.0,0.0,0.0,0.0,1.0,0.0,ukraine
283,Reconnaissance Unmanned Aerial Vehicles,FlyEye,Poland,4,0.0,0.0,1.0,0.0,0.0,0.0,0.0,0.0,3.0,0.0,ukraine
284,Reconnaissance Unmanned Aerial Vehicles,Penguin C,Latvia,2,0.0,0.0,2.0,0.0,0.0,0.0,0.0,0.0,0.0,0.0,ukraine
285,Reconnaissance Unmanned Aerial Vehicles,Poseidon H10,Cyprus,1,0.0,0.0,0.0,0.0,0.0,0.0,0.0,0.0,1.0,0.0,ukraine
286,Reconnaissance Unmanned Aerial Vehicles,EOS-C VTOL,Estonia,1,0.0,0.0,0.0,0.0,0.0,0.0,0.0,0.0,1.0,0.0,ukraine
287,Reconnaissance Unmanned Aerial Vehicles,Bayraktar Mini,Turkey,2,0.0,0.0,1.0,0.0,0.0,0.0,0.0,0.0,1.0,0.0,ukraine
288,Reconnaissance Unmanned Aerial Vehicles,AeroVironment RQ-20 Puma,the United States,12,0.0,0.0,8.0,0.0,1.0,0.0,0.0,0.0,3.0,0.0,ukraine
289,Reconnaissance Unmanned Aerial Vehicles,AeroVironment Quantix Recon UAV,the United States,1,0.0,0.0,1.0,0.0,0.0,0.0,0.0,0.0,0.0,0.0,ukraine
290,Reconnaissance Unmanned Aerial Vehicles,Boeing Insitu ScanEagle 2,the United States,2,0.0,0.0,1.0,0.0,0.0,0.0,0.0,0.0,1.0,0.0,ukraine
291,Reconnaissance Unmanned Aerial Vehicles,Malloy Aeronautics T150 cargo UAV,the United Kingdom,3,0.0,0.0,3.0,0.0,0.0,0.0,0.0,0.0,0.0,0.0,ukraine
292,Reconnaissance Unmanned Aerial Vehicles,Unknown reconnaissance UAV,Ukraine,3,0.0,0.0,1.0,0.0,0.0,0.0,0.0,0.0,2.0,0.0,ukraine
293,Naval Ships,Krivak III-class frigate,the Soviet Union,1,0.0,0.0,0.0,0.0,0.0,0.0,0.0,0.0,0.0,0.0,ukraine
294,Naval Ships,Gyurza-M-class gunboat,Ukraine,1,0.0,0.0,0.0,0.0,1.0,0.0,0.0,0.0,0.0,0.0,ukraine
295,Naval Ships,Gyurza-M-class gunboat,Ukraine,1,0.0,0.0,1.0,0.0,0.0,0.0,0.0,0.0,0.0,0.0,ukraine
296,Naval Ships,Gyurza-M-class gunboat,Ukraine,1,0.0,0.0,1.0,0.0,0.0,0.0,0.0,0.0,0.0,0.0,ukraine
297,Naval Ships,Gyurza-M-class gunboat,Ukraine,1,0.0,0.0,0.0,0.0,0.0,0.0,0.0,0.0,0.0,0.0,ukraine
298,Naval Ships,Gyurza-M-class gunboat,Ukraine,1,0.0,0.0,1.0,0.0,0.0,0.0,0.0,0.0,0.0,0.0,ukraine
299,Naval Ships,Island-class patrol boat,the United States,1,0.0,0.0,0.0,0.0,0.0,0.0,0.0,0.0,0.0,1.0,ukraine
300,Naval Ships,Stenka-class patrol boat (Operated by the Sea Guard),the Soviet Union,1,0.0,0.0,0.0,0.0,0.0,0.0,0.0,0.0,0.0,1.0,ukraine
301,Naval Ships,Zhuk-class patrol boat (Sea Guard),the Soviet Union,1,0.0,0.0,0.0,0.0,0.0,0.0,0.0,0.0,1.0,0.0,ukraine
302,Naval Ships,Zhuk-class patrol boat (Sea Guard),the Soviet Union,1,0.0,0.0,1.0,0.0,0.0,0.0,0.0,0.0,0.0,0.0,ukraine
303,Naval Ships,Zhuk-class patrol boat (Sea Guard),the Soviet Union,1,0.0,0.0,1.0,0.0,0.0,0.0,0.0,0.0,0.0,0.0,ukraine
304,Naval Ships,Sorum-class seagoing tugboat,the Soviet Union,1,0.0,0.0,1.0,0.0,0.0,0.0,0.0,0.0,0.0,0.0,ukraine
305,Naval Ships,Project 376 Yaroslavets-class general purpose tugboat,the Soviet Union,1,0.0,0.0,0.0,0.0,0.0,0.0,0.0,0.0,1.0,0.0,ukraine
306,Naval Ships,Project 1258 Yevgenya-class minesweeper,the Soviet Union,1,0.0,0.0,0.0,0.0,0.0,0.0,0.0,0.0,0.0,1.0,ukraine
307,Naval Ships,Pr.304 Amur-class command ship,Poland,1,0.0,0.0,0.0,0.0,0.0,0.0,0.0,0.0,1.0,0.0,ukraine
308,Naval Ships,Project 58181 Centaur-class fast assault boat,Ukraine,1,0.0,0.0,0.0,0.0,0.0,0.0,0.0,0.0,0.0,1.0,ukraine
309,Naval Ships,UMS-600 patrol boat (Sea Guard),Ukraine,1,0.0,0.0,1.0,0.0,0.0,0.0,0.0,0.0,0.0,0.0,ukraine
310,Naval Ships,UMS-1000 patrol boat (Sea Guard),Ukraine,1,0.0,0.0,1.0,0.0,0.0,0.0,0.0,0.0,0.0,0.0,ukraine
311,Naval Ships,UMS-1000 patrol boat (Sea Guard),Ukraine,1,0.0,0.0,0.0,0.0,0.0,0.0,1.0,0.0,0.0,0.0,ukraine
312,Naval Ships,UMS-1000 patrol boat (Sea Guard),Ukraine,1,0.0,0.0,1.0,0.0,0.0,0.0,0.0,0.0,0.0,0.0,ukraine
313,Naval Ships,UMS-1000 patrol boat (Sea Guard),Ukraine,1,0.0,0.0,1.0,0.0,0.0,0.0,0.0,0.0,0.0,0.0,ukraine
314,Naval Ships,UMS-1000 patrol boat (Sea Guard),Ukraine,1,0.0,0.0,1.0,0.0,0.0,0.0,0.0,0.0,0.0,0.0,ukraine
315,Naval Ships,Project 50030 Kalkan-class patrol boat (Sea Guard),Ukraine,1,0.0,0.0,1.0,0.0,0.0,0.0,0.0,0.0,0.0,0.0,ukraine
316,Naval Ships,Project 50030 Kalkan-class patrol boat (Sea Guard),Ukraine,1,0.0,0.0,1.0,0.0,0.0,0.0,0.0,0.0,0.0,0.0,ukraine
317,Naval Ships,Project 50030 Kalkan-class patrol boat (Sea Guard),Ukraine,1,0.0,0.0,1.0,0.0,0.0,0.0,0.0,0.0,0.0,0.0,ukraine
318,Naval Ships,Project 50030 Kalkan-class patrol boat (Sea Guard),Ukraine,1,0.0,0.0,1.0,0.0,0.0,0.0,0.0,0.0,0.0,0.0,ukraine
319,Naval Ships,Unknown patrol boat (Sea Guard),Ukraine,1,0.0,0.0,1.0,0.0,0.0,0.0,0.0,0.0,0.0,0.0,ukraine
320,"Trucks, Vehicles, and Jeeps",KrAZ-214,the Soviet Union,1,0.0,0.0,0.0,0.0,0.0,0.0,0.0,0.0,1.0,0.0,ukraine
321,"Trucks, Vehicles, and Jeeps",KrAZ-255B,the Soviet Union,16,0.0,0.0,3.0,0.0,0.0,0.0,0.0,0.0,13.0,0.0,ukraine
322,"Trucks, Vehicles, and Jeeps",KrAZ-260,the Soviet Union,3,0.0,0.0,3.0,0.0,0.0,0.0,0.0,0.0,0.0,0.0,ukraine
323,"Trucks, Vehicles, and Jeeps",KrAZ-6322,Ukraine,42,0.0,0.0,13.0,0.0,0.0,0.0,0.0,0.0,29.0,0.0,ukraine
324,"Trucks, Vehicles, and Jeeps",KrAZ-6322 Raptor,Ukraine,8,0.0,0.0,5.0,0.0,0.0,0.0,0.0,0.0,3.0,0.0,ukraine
325,"Trucks, Vehicles, and Jeeps",KrAZ-6446,Ukraine,1,0.0,0.0,0.0,0.0,0.0,0.0,0.0,0.0,1.0,0.0,ukraine
326,"Trucks, Vehicles, and Jeeps",KrAZ-5233,Ukraine,34,0.0,0.0,17.0,0.0,1.0,0.0,1.0,0.0,15.0,0.0,ukraine
327,"Trucks, Vehicles, and Jeeps",ATs-10-260 Fuel Tanker,the Soviet Union,1,0.0,0.0,0.0,0.0,0.0,0.0,0.0,0.0,1.0,0.0,ukraine
328,"Trucks, Vehicles, and Jeeps",Bogdan-5316,Ukraine,9,0.0,0.0,0.0,0.0,1.0,0.0,0.0,0.0,8.0,0.0,ukraine
329,"Trucks, Vehicles, and Jeeps",Bogdan-63172,Ukraine,30,2.0,0.0,3.0,0.0,2.0,0.0,0.0,0.0,23.0,0.0,ukraine
330,"Trucks, Vehicles, and Jeeps",Bogdan-63172 'Kozak',Ukraine,3,0.0,0.0,1.0,0.0,0.0,0.0,0.0,0.0,2.0,0.0,ukraine
331,"Trucks, Vehicles, and Jeeps",9T217 transloader (for 9K33 Osa),the Soviet Union,4,0.0,0.0,0.0,0.0,0.0,0.0,0.0,0.0,4.0,0.0,ukraine
332,"Trucks, Vehicles, and Jeeps",GAZ-53,the Soviet Union,2,0.0,0.0,2.0,0.0,0.0,0.0,0.0,0.0,0.0,0.0,ukraine
333,"Trucks, Vehicles, and Jeeps",GAZ-63,the Soviet Union,2,0.0,0.0,0.0,0.0,0.0,0.0,0.0,0.0,2.0,0.0,ukraine
334,"Trucks, Vehicles, and Jeeps",GAZ-66,the Soviet Union,103,1.0,0.0,28.0,0.0,2.0,2.0,2.0,0.0,68.0,0.0,ukraine
335,"Trucks, Vehicles, and Jeeps",GAZ-66,the Soviet Union,1,0.0,0.0,0.0,0.0,0.0,0.0,0.0,0.0,1.0,0.0,ukraine
336,"Trucks, Vehicles, and Jeeps",GAZ-66,the Soviet Union,1,0.0,0.0,0.0,0.0,0.0,0.0,0.0,0.0,1.0,0.0,ukraine
337,"Trucks, Vehicles, and Jeeps",GAZ-66,the Soviet Union,2,0.0,0.0,1.0,0.0,0.0,0.0,0.0,0.0,1.0,0.0,ukraine
338,"Trucks, Vehicles, and Jeeps",GAZ-66 tanker,the Soviet Union,1,0.0,0.0,0.0,0.0,0.0,0.0,0.0,0.0,1.0,0.0,ukraine
339,"Trucks, Vehicles, and Jeeps",GAZ-3308,the Soviet Union,2,0.0,0.0,1.0,0.0,0.0,0.0,0.0,0.0,1.0,0.0,ukraine
340,"Trucks, Vehicles, and Jeeps",GAZ-3308 tanker,the Soviet Union,1,0.0,0.0,0.0,0.0,0.0,0.0,0.0,0.0,1.0,0.0,ukraine
341,"Trucks, Vehicles, and Jeeps",ZiL-130,the Soviet Union,7,0.0,0.0,1.0,0.0,0.0,0.0,0.0,0.0,6.0,0.0,ukraine
342,"Trucks, Vehicles, and Jeeps",ZiL-130,the Soviet Union,1,0.0,0.0,0.0,0.0,0.0,0.0,0.0,0.0,1.0,0.0,ukraine
343,"Trucks, Vehicles, and Jeeps",ZiL-130 tanker,the Soviet Union,2,0.0,0.0,0.0,0.0,0.0,0.0,0.0,0.0,2.0,0.0,ukraine
344,"Trucks, Vehicles, and Jeeps",ZiL-131,the Soviet Union,136,1.0,0.0,43.0,0.0,1.0,0.0,2.0,0.0,89.0,0.0,ukraine
345,"Trucks, Vehicles, and Jeeps",ZiL-131,the Soviet Union,6,0.0,0.0,2.0,0.0,0.0,0.0,0.0,0.0,4.0,0.0,ukraine
346,"Trucks, Vehicles, and Jeeps",ZiL-131,the Soviet Union,1,0.0,0.0,0.0,0.0,0.0,0.0,0.0,0.0,1.0,0.0,ukraine
347,"Trucks, Vehicles, and Jeeps",ZiL-131 tanker,the Soviet Union,6,1.0,0.0,1.0,0.0,1.0,0.0,0.0,0.0,3.0,0.0,ukraine
348,"Trucks, Vehicles, and Jeeps",ZiL-157,the Soviet Union,2,0.0,0.0,2.0,0.0,0.0,0.0,0.0,0.0,0.0,0.0,ukraine
349,"Trucks, Vehicles, and Jeeps",ZiL-181,the Soviet Union,1,0.0,0.0,0.0,0.0,0.0,0.0,0.0,0.0,1.0,0.0,ukraine
350,"Trucks, Vehicles, and Jeeps",ZiL-4331,the Soviet Union,1,0.0,0.0,1.0,0.0,0.0,0.0,0.0,0.0,0.0,0.0,ukraine
351,"Trucks, Vehicles, and Jeeps",Ural-375D,the Soviet Union,10,0.0,0.0,7.0,0.0,0.0,0.0,0.0,0.0,3.0,0.0,ukraine
352,"Trucks, Vehicles, and Jeeps",Ural-4320,the Soviet Union,51,0.0,0.0,9.0,0.0,1.0,0.0,1.0,0.0,40.0,0.0,ukraine
353,"Trucks, Vehicles, and Jeeps",Ural-4320,the Soviet Union,2,0.0,0.0,0.0,0.0,0.0,0.0,0.0,0.0,2.0,0.0,ukraine
354,"Trucks, Vehicles, and Jeeps",Ural tanker,the Soviet Union,15,0.0,0.0,7.0,0.0,2.0,0.0,0.0,0.0,6.0,0.0,ukraine
355,"Trucks, Vehicles, and Jeeps",KamAZ 6x6,the Soviet Union,22,0.0,0.0,6.0,0.0,1.0,0.0,2.0,0.0,13.0,0.0,ukraine
356,"Trucks, Vehicles, and Jeeps",KamAZ 6x6 tanker,the Soviet Union,2,0.0,0.0,1.0,0.0,0.0,0.0,0.0,0.0,1.0,0.0,ukraine
357,"Trucks, Vehicles, and Jeeps",MAZ-537,the Soviet Union,3,0.0,0.0,1.0,0.0,0.0,0.0,0.0,0.0,2.0,0.0,ukraine
358,"Trucks, Vehicles, and Jeeps",MAZ AC-8-500A Tanker,the Soviet Union,1,0.0,0.0,0.0,0.0,0.0,0.0,0.0,0.0,1.0,0.0,ukraine
359,"Trucks, Vehicles, and Jeeps",MAZ-5336,the Soviet Union,1,0.0,0.0,0.0,0.0,0.0,0.0,0.0,0.0,1.0,0.0,ukraine
360,"Trucks, Vehicles, and Jeeps",MAZ-5337 fuel tanker,the Soviet Union,2,0.0,0.0,0.0,0.0,0.0,0.0,0.0,0.0,2.0,0.0,ukraine
361,"Trucks, Vehicles, and Jeeps",MAZ TZ-500 tanker,the Soviet Union,1,0.0,0.0,0.0,0.0,0.0,0.0,0.0,0.0,1.0,0.0,ukraine
362,"Trucks, Vehicles, and Jeeps",FMTV M1083A1P2,the United States,9,0.0,0.0,0.0,0.0,0.0,1.0,0.0,0.0,8.0,0.0,ukraine
363,"Trucks, Vehicles, and Jeeps",Jelcz P882 D53,Poland,2,0.0,0.0,0.0,0.0,0.0,0.0,0.0,0.0,2.0,0.0,ukraine
364,"Trucks, Vehicles, and Jeeps",Mercedes-Benz Unimog U1300L ambulance,Germany,2,0.0,0.0,0.0,0.0,0.0,0.0,0.0,0.0,2.0,0.0,ukraine
365,"Trucks, Vehicles, and Jeeps",Pinzgauer Vector 718,the United Kingdom,3,0.0,0.0,0.0,0.0,2.0,0.0,0.0,0.0,1.0,0.0,ukraine
366,"Trucks, Vehicles, and Jeeps",Land Rover Defender,the United Kingdom,5,0.0,0.0,0.0,0.0,0.0,0.0,0.0,0.0,5.0,0.0,ukraine
367,"Trucks, Vehicles, and Jeeps",UAZ-469 jeep,the Soviet Union,13,0.0,0.0,6.0,0.0,0.0,2.0,0.0,0.0,5.0,0.0,ukraine
368,"Trucks, Vehicles, and Jeeps",UAZ-31514,the Soviet Union,2,0.0,0.0,0.0,0.0,0.0,0.0,0.0,0.0,2.0,0.0,ukraine
369,"Trucks, Vehicles, and Jeeps",UAZ-452 van,the Soviet Union,34,0.0,0.0,2.0,0.0,1.0,1.0,0.0,0.0,30.0,0.0,ukraine
370,"Trucks, Vehicles, and Jeeps",Armoured Volkswagen Amarok pickup truck,Germany,1,0.0,0.0,0.0,0.0,0.0,0.0,1.0,0.0,0.0,0.0,ukraine
371,"Trucks, Vehicles, and Jeeps",Bogdan-2251 ambulance pickup truck,Ukraine,16,0.0,0.0,4.0,0.0,0.0,0.0,0.0,0.0,12.0,0.0,ukraine
372,"Trucks, Vehicles, and Jeeps",Armed pickup truck,Ukraine,1,0.0,0.0,0.0,0.0,0.0,0.0,0.0,0.0,1.0,0.0,ukraine
373,"Trucks, Vehicles, and Jeeps",Armed pickup truck,Ukraine,1,0.0,0.0,0.0,0.0,0.0,0.0,0.0,0.0,1.0,0.0,ukraine
374,"Trucks, Vehicles, and Jeeps",Armed pickup truck,Ukraine,1,0.0,0.0,0.0,0.0,0.0,0.0,0.0,0.0,1.0,0.0,ukraine
375,"Trucks, Vehicles, and Jeeps",Armed tactical buggy,Ukraine,1,0.0,0.0,0.0,0.0,0.0,0.0,0.0,0.0,1.0,0.0,ukraine
376,"Trucks, Vehicles, and Jeeps",Ford Ranger,the United States,1,0.0,0.0,0.0,0.0,0.0,0.0,1.0,0.0,0.0,0.0,ukraine
377,"Trucks, Vehicles, and Jeeps",Peugeot P4,France,2,0.0,0.0,0.0,0.0,0.0,0.0,0.0,0.0,2.0,0.0,ukraine
378,"Trucks, Vehicles, and Jeeps",DAF YAD 4442 NT,the Netherlands,2,0.0,0.0,0.0,0.0,0.0,0.0,0.0,0.0,2.0,0.0,ukraine
379,"Trucks, Vehicles, and Jeeps",Iveco Magirus 90-16 AW 4x4,Italy,1,0.0,0.0,0.0,0.0,0.0,0.0,0.0,0.0,1.0,0.0,ukraine
380,"Trucks, Vehicles, and Jeeps",Iveco VM90,Italy,1,0.0,0.0,0.0,0.0,0.0,0.0,0.0,0.0,1.0,0.0,ukraine
381,"Trucks, Vehicles, and Jeeps",Downgraded Mowag Eagle II,Switzerland,1,0.0,0.0,0.0,0.0,0.0,0.0,0.0,0.0,1.0,0.0,ukraine
382,"Trucks, Vehicles, and Jeeps",Unknown truck,Ukraine,69,0.0,0.0,4.0,0.0,2.0,1.0,0.0,0.0,62.0,0.0,ukraine
383,"Trucks, Vehicles, and Jeeps",Unknown truck,Ukraine,1,0.0,0.0,0.0,0.0,0.0,0.0,0.0,0.0,1.0,0.0,ukraine
384,"Trucks, Vehicles, and Jeeps",Unknown vehicle,Ukraine,41,0.0,0.0,0.0,0.0,0.0,0.0,0.0,0.0,41.0,0.0,ukraine
